borough,developmen,tds_num,Latitude,Longitude,NYCHA-data_CONSOLIDATED TDS#,NYCHA-data_NUMBER OF CURRENT APARTMENTS,NYCHA-data_TOTAL NUMBER OF APARTMENTS,NYCHA-data_NUMBER OF RENTAL ROOMS,NYCHA-data_AVG NO R/R PER APARTMENT,NYCHA-data_POPULATION PUBLIC HOUSING,NYCHA_data_TOTALPOPULATION,NYCHA-data_TOTAL # OF FIXED INCOME HOUSEHOLD,NYCHA-data_PERCENT FIXED INCOME HOUSEHOLDS,NYCHA-data_NUMBER OF RESIDENTIAL BLDGS,NYCHA-data_NUMBER OF NON-RESIDENTIAL BLDGS,NYCHA-data_PER RENTAL ROOM,NYCHA-data_AVG MONTHLY GROSS RENT,under_ten,ten_twenty,twenty_thirty,avg_travel_time,count_score,time_score,time_score_2
MANHATTAN,FIRST HOUSES,1,40.723735,-73.986183,337,126,126,448.0,3.56,178,178,56,0.471,8,0,"$3,653.00",$500.00,6,40,59,19,0.630558659818236,0.598706325682924,0.7022759425249540
BROOKLYN,WILLIAMSBURG,2,40.709859,-73.943431,2,"1,627","1,630","6,528.5",4.01,"3,025","3,025",770,0.483,20,1,"$2,266.00",$512.00,11,20,33,19,0.977249868051821,0.598706325682924,0.42492759219816200
MANHATTAN,HARLEM RIVER,3,40.826112,-73.93625,3,574,577,"2,231.0",3.89,"1,079","1,079",181,0.323,7,0,"$2,103.00",$548.00,3,15,50,22,0.252492537546923,0.308537538725987,0.2461148138246910
BROOKLYN,RED HOOK EAST,4,40.675234,-74.004274,4,"1,404","1,411","5,888.0",4.19,"2,832","2,832",540,0.396,16,3,,$525.00,4,6,8,17,0.369441340181764,0.773372647623132,0.10764425820546800
QUEENS,QUEENSBRIDGE SOUTH,5,40.75513,-73.946657,5,"1,603","1,604","6,625.5",4.13,"3,284","3,284",610,0.387,13,2,"$1,057.00",$521.00,0,2,6,22,0.0477903522728147,0.308537538725987,0.034799621144521200
MANHATTAN,VLADECK,6,40.712519,-73.982251,6,"1,527","1,531","6,248.5",4.09,"2,894","2,894",711,0.471,20,0,"$1,276.00",$514.00,2,15,51,23,0.158655253931457,0.226627352376868,0.28420909222236200
MANHATTAN,VLADECK II,7,40.712936,-73.980259,6,240,240,"1,080.0",4.5,545,545,93,0.392,4,0,"$1,175.00",$545.00,3,10,45,23,0.252492537546923,0.226627352376868,0.22794358693767600
QUEENS,SOUTH JAMAICA I,8,40.695853,-73.794733,8,448,448,"1,797.0",4.01,841,841,144,0.339,11,1,"$1,182.00",$515.00,2,5,16,21,0.158655253931457,0.401293674317076,0.11966950955977200
MANHATTAN,EAST RIVER,9,40.787529,-73.940057,9,"1,156","1,170","4,846.0",4.19,"2,284","2,284",470,0.417,10,1,"$1,086.00",$466.00,4,19,31,20,0.369441340181764,0.5,0.3753986929096920
BROOKLYN,KINGSBOROUGH,10,40.675521,-73.92467,10,"1,154","1,165","4,711.0",4.08,"2,408","2,408",409,0.365,16,0,"$1,107.00",$504.00,2,22,58,22,0.158655253931457,0.308537538725987,0.39954554463554500
BRONX,CLASON POINT GARDENS,11,40.821018,-73.86937,280,401,401,"1,893.5",4.72,861,861,173,0.438,46,0,"$1,116.00",$612.00,3,8,30,22,0.252492537546923,0.308537538725987,0.15058840930830400
BROOKLYN,INGERSOLL,14,40.695115,-73.979899,14,"1,830","1,840","8,698.0",4.75,"4,198","4,198",493,0.292,20,1,"$1,681.00",$577.00,3,12,46,21,0.252492537546923,0.401293674317076,0.30853941459460400
MANHATTAN,ELLIOTT,15,40.74929,-74.001854,134,606,608,"2,843.0",4.69,"1,355","1,355",223,0.383,4,0,"$1,808.00",$577.00,5,29,36,20,0.5,0.5,0.38241037156669900
BROOKLYN,BROWNSVILLE,16,40.665717,-73.907869,16,"1,336","1,338","6,279.0",4.7,"3,166","3,166",416,0.316,27,0,"$2,054.00",$520.00,9,21,52,20,0.908788780274132,0.5,0.49177743969235600
MANHATTAN,JOHNSON,17,40.796934,-73.943004,17,"1,296","1,310","6,121.0",4.72,"3,076","3,076",488,0.382,10,0,"$2,337.00",$573.00,9,40,24,17,0.908788780274132,0.773372647623132,0.5880492271510300
MANHATTAN,RIIS,18,40.72489,-73.974001,18,"1,191","1,191","5,666.5",4.76,"2,715","2,715",464,0.398,13,0,"$2,411.00",$595.00,4,10,30,21,0.369441340181764,0.401293674317076,0.22195104895309800
MANHATTAN,RIIS II,19,40.72274,-73.975456,18,577,578,"2,720.5",4.71,"1,271","1,271",244,0.426,6,0,"$2,344.00",$542.00,4,14,42,21,0.369441340181764,0.401293674317076,0.2697111293786330
MANHATTAN,LINCOLN,20,40.811043,-73.936792,20,"1,280","1,286","6,099.0",4.76,"2,986","2,986",429,0.339,14,0,"$2,358.00",$517.00,5,11,39,21,0.5,0.401293674317076,0.23498759454419900
BROOKLYN,MARCY,21,40.697605,-73.951326,21,"1,716","1,717","8,268.0",4.82,"4,147","4,147",607,0.358,27,1,"$2,347.00",$560.00,3,34,58,21,0.252492537546923,0.401293674317076,0.5790983225188480
MANHATTAN,AMSTERDAM,22,40.773051,-73.987338,22,"1,084","1,084","5,129.0",4.73,"2,270","2,270",468,0.435,13,0,"$2,391.00",$544.00,2,18,25,20,0.158655253931457,0.5,0.18020890307707100
MANHATTAN,WALD,23,40.72069,-73.976385,23,"1,861","1,861","8,767.5",4.71,"3,985","3,985",785,0.425,16,2,"$2,561.00",$564.00,6,12,47,21,0.630558659818236,0.401293674317076,0.2904332981572170
BRONX,PATTERSON,24,40.8139,-73.923776,24,"1,789","1,791","8,508.5",4.76,"4,194","4,194",627,0.355,15,0,"$2,433.00",$519.00,10,34,38,18,0.952209647727185,0.691462461274013,0.5405270027290510
BROOKLYN,GOWANUS,25,40.683448,-73.98855,25,"1,137","1,139","5,436.5",4.78,"2,669","2,669",455,0.404,15,1,"$2,203.00",$556.00,3,17,40,21,0.252492537546923,0.401293674317076,0.29432427538738600
QUEENS,ASTORIA,26,40.773602,-73.934951,26,"1,104","1,104","5,607.0",5.08,"3,032","3,032",366,0.333,22,1,"$2,519.00",$593.00,0,13,26,22,0.0477903522728147,0.308537538725987,0.1622265667969780
MANHATTAN,SMITH,27,40.710346,-73.998693,27,"1,934","1,935","8,988.0",4.65,"4,126","4,126",923,0.481,12,0,"$3,270.00",$551.00,6,38,47,21,0.630558659818236,0.401293674317076,0.556805216109615
BRONX,MELROSE,28,40.820763,-73.919543,28,"1,021","1,023","4,854.5",4.75,"2,418","2,418",363,0.358,8,1,"$2,515.00",$486.00,10,32,52,20,0.952209647727185,0.5,0.528551035654027
BROOKLYN,FARRAGUT,29,40.700054,-73.982215,29,"1,389","1,390","6,512.5",4.69,"3,185","3,185",537,0.388,10,0,"$2,324.00",$532.00,4,9,19,20,0.369441340181764,0.5,0.17643314077054400
MANHATTAN,KING TOWERS,30,40.799695,-73.949178,30,"1,377","1,379","6,342.5",4.61,"3,013","3,013",511,0.375,10,0,"$3,135.00",$559.00,9,24,42,20,0.908788780274132,0.5,0.43095098190189700
BROOKLYN,ALBANY,31,40.673647,-73.937623,31,823,829,"3,777.5",4.59,"1,886","1,886",267,0.327,6,0,"$2,356.00",$565.00,9,23,52,20,0.908788780274132,0.5,0.5158761380236020
BRONX,BRONX RIVER,32,40.834974,-73.876645,32,"1,245","1,246","5,942.5",4.77,"2,998","2,998",464,0.375,9,1,"$2,131.00",$512.00,1,31,37,21,0.0912112197258679,0.401293674317076,0.38756092822932300
QUEENS,WOODSIDE,33,40.755625,-73.909942,33,"1,355","1,357","6,321.5",4.67,"2,858","2,858",537,0.402,20,0,"$2,251.00",$594.00,2,9,27,22,0.158655253931457,0.308537538725987,0.17911595002741500
BRONX,EASTCHESTER GARDENS,34,40.870299,-73.852252,34,877,877,"4,249.5",4.85,"2,051","2,051",323,0.371,10,0,"$2,244.00",$551.00,1,14,28,21,0.0912112197258679,0.401293674317076,0.21771049342147500
STATEN ISLAND,SOUTH BEACH,35,40.595336,-74.079298,35,421,422,"1,936.5",4.6,891,891,183,0.441,8,0,"$2,795.00",$479.00,0,7,3,21,0.0477903522728147,0.401293674317076,0.060356054180708200
BROOKLYN,SHEEPSHEAD BAY,36,40.59622,-73.939625,36,"1,054","1,056","4,911.0",4.66,"2,383","2,383",371,0.354,18,0,"$2,573.00",$542.00,3,14,12,19,0.252492537546923,0.598706325682924,0.20007079335125400
MANHATTAN,RANGEL,37,40.83321,-73.936474,37,982,984,"4,515.0",4.6,"2,141","2,141",339,0.357,8,0,"$2,373.00",$573.00,1,21,48,22,0.0912112197258679,0.308537538725987,0.30461138723269100
MANHATTAN,SAINT NICHOLAS,38,40.812114,-73.947946,38,"1,525","1,526","7,109.5",4.66,"3,426","3,426",533,0.358,13,0,"$2,891.00",$529.00,7,25,22,18,0.747507462453077,0.691462461274013,0.28551779685193300
BRONX,PELHAM PARKWAY,39,40.860562,-73.860946,39,"1,265","1,266","5,446.5",4.31,"2,472","2,472",528,0.422,23,0,"$2,806.00",$541.00,0,21,17,18,0.0477903522728147,0.691462461274013,0.28281110832191800
BRONX,GUN HILL,40,40.876046,-73.865832,40,732,733,"3,126.0",4.27,"1,470","1,470",283,0.391,6,0,"$2,784.00",$541.00,6,20,37,20,0.630558659818236,0.5,0.35701877611420500
MANHATTAN,DYCKMAN,41,40.861147,-73.922678,41,"1,167","1,167","5,054.5",4.33,"2,270","2,270",532,0.459,7,1,"$2,812.00",$543.00,4,30,27,19,0.369441340181764,0.598706325682924,0.41157521491298700
STATEN ISLAND,TODT HILL,42,40.60765,-74.119651,42,502,502,"2,174.0",4.33,"1,005","1,005",190,0.384,7,0,"$2,994.00",$579.00,1,1,1,17,0.0912112197258679,0.773372647623132,0.028245734998525000
BROOKLYN,NOSTRAND,43,40.596527,-73.936802,36,"1,146","1,148","4,966.0",4.33,"2,327","2,327",463,0.41,16,1,"$2,779.00",$516.00,2,9,13,19,0.158655253931457,0.598706325682924,0.15006716951880300
BROOKLYN,GLENWOOD,44,40.634948,-73.920863,44,"1,186","1,188","5,207.0",4.39,"2,512","2,512",404,0.344,20,0,"$2,475.00",$599.00,5,4,10,18,0.5,0.691462461274013,0.11751355416053800
BRONX,SEDGWICK,45,40.846603,-73.922526,45,783,786,"3,316.5",4.24,"1,457","1,457",341,0.439,7,0,"$2,529.00",$491.00,9,23,88,22,0.908788780274132,0.308537538725987,0.5721774688815360
BROOKLYN,BOULEVARD,46,40.660489,-73.881309,46,"1,424","1,441","5,992.0",4.21,"1,850","2,696",581,0.416,18,0,"$2,247.00",$518.00,4,17,30,21,0.369441340181764,0.401293674317076,0.2928947296970030
BRONX,PARKSIDE,47,40.868663,-73.869003,47,879,879,"3,712.5",4.22,"1,734","1,734",359,0.413,14,0,"$2,606.00",$506.00,6,13,28,19,0.630558659818236,0.598706325682924,0.29035929402795400
QUEENS,RAVENSWOOD,48,40.761277,-73.935457,48,"2,164","2,166","9,134.0",4.22,"4,278","4,278",871,0.406,31,0,"$2,342.00",$588.00,11,9,34,20,0.977249868051821,0.5,0.2600558253111270
BRONX,MARBLE HILL,49,40.87549,-73.907621,49,"1,680","1,682","7,112.0",4.23,"2,713","3,261",737,0.445,11,1,"$2,539.00",$517.00,9,16,26,19,0.908788780274132,0.598706325682924,0.25607418089446200
MANHATTAN,LEXINGTON,50,40.787477,-73.949742,62,448,448,"1,901.0",4.24,817,817,209,0.471,4,0,"$2,515.00",$548.00,11,17,33,18,0.977249868051821,0.691462461274013,0.4132360826130670
QUEENS,OCEAN BAY APARTMENTS (OCEANSIDE),51,40.59362,-73.78604,165,417,418,"1,766.5",4.24,837,837,140,0.34,7,0,"$2,901.00",$548.00,1,3,2,15,0.0912112197258679,0.894350226333145,0.03144867688024440
STATEN ISLAND,BERRY,52,40.587176,-74.101989,52,506,506,"2,129.0",4.21,944,944,220,0.439,8,1,"$2,785.00",$511.00,0,0,0,,0.0477903522728147,,0.0
QUEENS,POMONOK,53,40.7334,-73.812668,53,"2,069","2,071","8,838.5",4.27,"4,219","4,219",839,0.409,35,0,"$2,446.00",$563.00,2,4,4,17,0.158655253931457,0.773372647623132,0.07449982901333020
QUEENS,BLAND,54,40.757956,-73.83285,186,399,400,"1,850.5",4.64,863,863,167,0.423,5,0,"$3,205.00",$585.00,5,9,31,20,0.5,0.5,0.2494156554942310
QUEENS,REDFERN,55,40.610173,-73.751745,55,599,604,"2,908.5",4.86,"1,573","1,573",185,0.315,9,0,"$3,186.00",$506.00,0,3,12,20,0.0477903522728147,0.5,0.09219750206043770
BROOKLYN,BREUKELEN,56,40.650958,-73.894416,56,"1,592","1,595","7,460.0",4.69,"3,476","3,476",539,0.343,30,2,"$2,464.00",$544.00,6,5,10,19,0.630558659818236,0.598706325682924,0.13540620779092900
BRONX,EDENWALD,57,40.885809,-73.845144,57,"2,035","2,039","9,675.5",4.75,"4,852","4,852",596,0.297,40,2,"$2,359.00",$564.00,2,9,16,21,0.158655253931457,0.401293674317076,0.1198633070062590
MANHATTAN,CARVER,58,40.790952,-73.950453,58,"1,244","1,246","5,761.0",4.63,"2,586","2,586",502,0.41,13,0,"$4,145.00",$590.00,5,20,27,19,0.5,0.598706325682924,0.3799888908490780
BRONX,FOREST,59,40.824733,-73.90374,59,"1,348","1,350","6,154.0",4.57,"3,002","3,002",498,0.373,15,0,"$3,186.00",$526.00,8,32,76,21,0.841344746068543,0.401293674317076,0.6315378108156160
MANHATTAN,BARUCH,60,40.717441,-73.977787,60,"2,193","2,194","10,240.5",4.67,"4,872","4,872",962,0.445,17,1,"$3,553.00",$534.00,1,17,42,21,0.0912112197258679,0.401293674317076,0.26746369932469300
BROOKLYN,VAN DYKE I,61,40.665695,-73.904409,61,"1,603","1,603","7,402.5",4.62,"3,855","3,855",469,0.297,22,1,"$2,884.00",$546.00,2,19,29,20,0.158655253931457,0.5,0.3010524694260360
MANHATTAN,WASHINGTON,62,40.787509,-73.9462,62,"1,515","1,515","7,053.5",4.66,"3,416","3,416",590,0.394,14,1,"$3,357.00",$563.00,9,23,30,19,0.908788780274132,0.598706325682924,0.4349073132480510
BRONX,THROGGS NECK,63,40.821679,-73.823772,63,"1,182","1,185","5,423.0",4.59,"2,648","2,648",407,0.349,29,2,"$2,859.00",$540.00,0,4,4,20,0.0477903522728147,0.5,0.047488528500658700
MANHATTAN,JEFFERSON,64,40.795383,-73.938834,64,"1,486","1,493","6,945.0",4.67,"3,314","3,314",570,0.387,18,1,"$3,854.00",$565.00,10,31,18,15,0.952209647727185,0.894350226333145,0.5433439914442350
BROOKLYN,BREVOORT,65,40.680366,-73.923858,65,894,896,"4,187.0",4.68,"1,918","1,918",330,0.371,13,1,"$2,849.00",$571.00,8,19,52,21,0.841344746068543,0.401293674317076,0.45705952414065800
QUEENS,SOUTH JAMAICA II,66,40.695095,-73.793662,8,598,600,"2,811.0",4.7,"1,449","1,449",166,0.283,16,0,"$3,030.00",$592.00,2,5,20,21,0.158655253931457,0.401293674317076,0.13180095969589200
BRONX,SOTOMAYOR HOUSES,67,40.826465,-73.866993,67,"1,495","1,497","6,963.5",4.66,"3,286","3,286",567,0.384,28,3,"$2,564.00",$542.00,0,18,31,20,0.0477903522728147,0.5,0.26414092710455300
BROOKLYN,GRAVESEND,68,40.578977,-73.999342,172,627,634,"2,915.5",4.65,"1,463","1,463",217,0.351,15,0,"$2,687.00",$494.00,0,6,8,21,0.0477903522728147,0.401293674317076,0.06986616276965130
BROOKLYN,COOPER PARK,69,40.718074,-73.938449,69,700,700,"3,281.0",4.69,"1,554","1,554",301,0.434,11,0,"$2,346.00",$541.00,1,13,23,21,0.0912112197258679,0.401293674317076,0.19747087793894200
BROOKLYN,CYPRESS HILLS,70,40.670063,-73.872367,70,"1,439","1,444","6,588.5",4.58,"3,250","3,250",519,0.364,15,0,"$2,247.00",$517.00,3,27,21,19,0.252492537546923,0.598706325682924,0.3501200842934820
BRONX,SOUNDVIEW,71,40.816913,-73.867576,71,"1,258","1,259","5,863.0",4.66,"2,901","2,901",493,0.396,13,2,"$2,308.00",$500.00,3,5,7,18,0.252492537546923,0.691462461274013,0.0723988405679872
BROOKLYN,HOWARD,72,40.67167,-73.909273,72,813,815,"3,699.5",4.55,"1,835","1,835",279,0.348,10,0,"$3,079.00",$504.00,6,21,31,19,0.630558659818236,0.598706325682924,0.38281119100573800
BROOKLYN,SUMNER,73,40.697446,-73.940512,73,"1,098","1,099","5,007.0",4.56,"2,288","2,288",470,0.432,13,0,"$3,608.00",$528.00,9,35,58,20,0.908788780274132,0.5,0.6574175269649350
MANHATTAN,WAGNER,74,40.799684,-73.932101,74,"2,151","2,162","10,068.5",4.68,"4,814","4,814",875,0.409,22,1,"$3,238.00",$536.00,4,18,26,19,0.369441340181764,0.598706325682924,0.29567344090562200
QUEENS,HAMMEL,75,40.588811,-73.809306,75,710,712,"3,296.0",4.64,"1,790","1,790",212,0.302,14,0,"$2,909.00",$453.00,0,1,1,21,0.0477903522728147,0.401293674317076,0.0009523674710027000
MANHATTAN,LA GUARDIA,76,40.712194,-73.987364,76,"1,091","1,094","5,097.5",4.67,"2,458","2,458",488,0.45,9,0,"$3,356.00",$585.00,8,30,43,19,0.841344746068543,0.598706325682924,0.5761153773240880
STATEN ISLAND,MARINER'S HARBOR,77,40.631847,-74.163491,77,606,607,"2,853.0",4.71,"1,515","1,515",146,0.243,22,0,"$2,826.00",$488.00,0,3,3,20,0.0477903522728147,0.5,0.0464703489439793
BRONX,HIGHBRIDGE GARDENS,78,40.837029,-73.92942,78,700,700,"3,252.0",4.65,"1,601","1,601",256,0.372,6,0,"$2,321.00",$521.00,7,26,76,21,0.747507462453077,0.401293674317076,0.5542962285076350
BROOKLYN,RED HOOK WEST,79,40.675936,-74.00819,79,"1,471","1,480","6,320.5",4.3,"3,165","3,165",528,0.369,14,1,,$532.00,1,4,7,18,0.0912112197258679,0.691462461274013,0.060671466188196400
BRONX,CASTLE HILL,80,40.818757,-73.848141,80,"2,022","2,025","9,759.0",4.83,"3,729","4,880",796,0.401,14,0,"$2,915.00",$485.00,5,3,7,17,0.5,0.773372647623132,0.09225673344476970
MANHATTAN,MANHATTANVILLE,81,40.816806,-73.955406,81,"1,272","1,272","6,004.0",4.72,"2,405","2,981",494,0.395,6,0,"$4,306.00",$550.00,6,11,27,20,0.630558659818236,0.5,0.18922645686171800
MANHATTAN,DOUGLASS I,82,40.796793,-73.964392,82,"1,302","1,305","5,806.0",4.46,"2,651","2,651",543,0.42,11,0,"$3,933.00",$549.00,6,16,15,18,0.630558659818236,0.691462461274013,0.17077908904067000
BROOKLYN,MARLBORO,83,40.591872,-73.981003,83,"1,764","1,765","8,248.0",4.68,"3,251","4,112",671,0.387,28,2,"$2,783.00",$551.00,4,15,27,20,0.369441340181764,0.5,0.2723026100154620
BRONX,MILL BROOK,84,40.805368,-73.917973,84,"1,251","1,255","5,799.5",4.64,"2,814","2,814",484,0.392,9,0,"$3,898.00",$479.00,10,14,18,16,0.952209647727185,0.841344746068543,0.3636512740593530
BROOKLYN,ALBANY II,85,40.674861,-73.937505,31,400,400,"1,848.0",4.62,985,985,130,0.331,3,0,"$2,540.00",$542.00,4,24,53,21,0.369441340181764,0.401293674317076,0.4400791128278950
BROOKLYN,BUSHWICK,86,40.702752,-73.939116,86,"1,219","1,220","5,669.5",4.65,"2,288","2,843",499,0.413,8,0,"$3,599.00",$541.00,5,30,58,20,0.5,0.5,0.6025429199342590
MANHATTAN,GRANT,87,40.812734,-73.956947,87,"1,939","1,940","9,133.5",4.71,"4,282","4,282",741,0.39,9,1,"$3,150.00",$565.00,8,8,28,20,0.841344746068543,0.5,0.1799112347991300
BRONX,MONROE,88,40.822615,-73.865046,88,"1,100","1,102","5,299.0",4.82,"2,691","2,691",403,0.369,12,1,"$3,100.00",$526.00,3,9,32,22,0.252492537546923,0.308537538725987,0.1724364064515570
BROOKLYN,PINK,89,40.667409,-73.865105,89,"1,500","1,500","7,098.0",4.73,"3,651","3,651",471,0.317,22,2,"$2,835.00",$557.00,1,14,28,22,0.0912112197258679,0.308537538725987,0.2266903168429080
QUEENS,BAISLEY PARK,91,40.685219,-73.783403,91,381,386,"1,779.5",4.67,947,947,143,0.377,5,1,"$3,246.00",$548.00,0,9,9,20,0.0477903522728147,0.5,0.07987189095205220
BROOKLYN,BAY VIEW,92,40.633336,-73.885972,92,"1,609","1,610","7,310.5",4.54,"2,635","3,506",620,0.388,23,2,"$2,676.00",$529.00,1,2,1,16,0.0912112197258679,0.841344746068543,0.02646099350486140
BRONX,SAINT MARY'S PARK,93,40.816484,-73.908757,93,"1,005","1,007","4,523.5",4.5,"1,760","2,299",344,0.347,6,0,"$3,607.00",$512.00,6,50,64,20,0.630558659818236,0.5,0.7002200779188720
BROOKLYN,CONEY ISLAND,94,40.572225,-73.996355,170,530,534,"2,426.0",4.58,"1,121","1,121",211,0.401,5,0,"$3,165.00",$599.00,1,8,5,18,0.0912112197258679,0.691462461274013,0.10209492728931900
BROOKLYN,LINDEN,95,40.657094,-73.884532,95,"1,586","1,586","7,311.0",4.61,"2,313","3,611",582,0.379,19,2,"$2,767.00",$563.00,2,12,28,21,0.158655253931457,0.401293674317076,0.21590928457012700
BROOKLYN,TILDEN,96,40.663584,-73.907298,96,998,998,"4,750.0",4.76,"2,556","2,556",326,0.332,8,1,"$3,122.00",$492.00,4,27,44,20,0.369441340181764,0.5,0.4474379383063320
MANHATTAN,TAFT,97,40.798383,-73.946052,97,"1,463","1,470","6,597.5",4.51,"3,074","3,074",588,0.407,9,1,"$4,367.00",$539.00,12,24,40,18,0.990184671371355,0.691462461274013,0.5328883827708160
MANHATTAN,RUTGERS,99,40.711866,-73.991087,99,721,721,"3,358.5",4.66,"1,325","1,585",343,0.48,5,0,"$4,277.00",$544.00,12,41,44,19,0.990184671371355,0.598706325682924,0.7120667600938530
MANHATTAN,GOMPERS,100,40.718202,-73.981928,100,472,474,"2,193.0",4.65,"1,067","1,067",205,0.442,2,2,"$4,240.00",$556.00,5,33,42,20,0.5,0.5,0.4495508580874690
MANHATTAN,LEHMAN VILLAGE,101,40.794754,-73.947685,101,617,622,"2,893.5",4.69,"1,477","1,477",237,0.385,4,1,"$3,959.00",$558.00,5,31,30,18,0.5,0.691462461274013,0.492187126085722
BRONX,MORRIS I,102,40.834252,-73.905359,102,"1,083","1,085","5,237.5",4.84,"2,889","2,889",364,0.338,10,0,"$4,008.00",$499.00,8,30,73,21,0.841344746068543,0.401293674317076,0.5628658204359980
BRONX,MCKINLEY,103,40.822301,-73.904788,59,615,619,"2,928.5",4.76,"1,441","1,441",220,0.358,5,1,"$3,535.00",$528.00,6,37,80,21,0.630558659818236,0.401293674317076,0.6532127232683200
BROOKLYN,HYLAN,109,40.704334,-73.940057,86,209,209,933.5,4.47,456,456,82,0.394,1,0,"$4,240.00",$573.00,3,23,63,21,0.252492537546923,0.401293674317076,0.4952503819958230
MANHATTAN,DREW-HAMILTON,111,40.820513,-73.941992,111,"1,211","1,217","5,344.5",4.41,"2,169","2,800",474,0.4,5,0,"$4,687.00",$482.00,6,14,26,19,0.630558659818236,0.598706325682924,0.2084051829246780
MANHATTAN,WILSON,112,40.788765,-73.939136,112,398,398,"2,225.0",5.59,"1,250","1,250",104,0.267,3,0,"$3,219.00",$645.00,4,17,29,20,0.369441340181764,0.5,0.32974731146975000
BRONX,BUTLER,113,40.83599,-73.906675,113,"1,476","1,492","7,217.0",4.89,"4,297","4,297",446,0.304,6,1,"$4,068.00",$507.00,6,29,84,22,0.630558659818236,0.308537538725987,0.5479293970219190
STATEN ISLAND,STAPLETON,114,40.622434,-74.081279,114,693,693,"3,358.5",4.85,"1,711","2,066",202,0.306,6,1,"$3,654.00",$521.00,6,4,4,14,0.630558659818236,0.933192798731142,0.1575816467698430
STATEN ISLAND,WEST BRIGHTON I,116,40.635923,-74.118815,116,487,490,"2,338.5",4.8,"1,377","1,377",135,0.278,8,1,"$4,204.00",$543.00,0,4,2,17,0.0477903522728147,0.773372647623132,0.05684786174518590
STATEN ISLAND,RICHMOND TERRACE,117,40.645356,-74.087154,117,488,489,"2,308.0",4.73,"1,269","1,269",137,0.284,6,1,"$4,129.00",$530.00,1,4,7,19,0.0912112197258679,0.598706325682924,0.09321778417487070
BRONX,ADAMS,118,40.816611,-73.90565,118,924,925,"4,306.0",4.66,"2,310","2,310",335,0.364,7,0,"$4,149.00",$497.00,10,36,64,20,0.952209647727185,0.5,0.6262595372942160
BRONX,JACKSON,120,40.822333,-73.918256,267,868,868,"4,137.0",4.77,"2,203","2,203",289,0.338,7,1,"$3,590.00",$533.00,8,37,55,20,0.841344746068543,0.5,0.5685062592454100
BRONX,MOTT HAVEN,121,40.812127,-73.922001,121,992,993,"4,634.0",4.67,"2,542","2,542",313,0.317,8,1,"$4,456.00",$530.00,11,36,23,17,0.977249868051821,0.773372647623132,0.5274612071045130
BROOKLYN,LAFAYETTE,122,40.689789,-73.958656,122,882,882,"4,385.0",4.97,"2,422","2,422",286,0.327,7,0,"$3,350.00",$609.00,12,26,55,20,0.990184671371355,0.5,0.5938574481218340
MANHATTAN,CLINTON,123,40.793617,-73.946389,123,748,749,"3,523.0",4.71,"1,720","1,720",330,0.45,6,2,"$4,756.00",$529.00,5,30,29,18,0.5,0.691462461274013,0.5036087522313380
MANHATTAN,WHITE,124,40.789811,-73.943951,112,246,248,733.0,2.98,270,270,220,0.898,1,0,"$5,794.00",$304.00,11,19,33,19,0.977249868051821,0.598706325682924,0.470322861709431
MANHATTAN,AUDUBON,125,40.831062,-73.942853,3,167,168,826.5,4.95,446,446,64,0.388,1,0,"$3,382.00",$578.00,2,27,25,19,0.158655253931457,0.598706325682924,0.3256127944159900
MANHATTAN,WISE TOWERS,127,40.789965,-73.971488,127,397,399,"1,739.5",4.38,523,750,168,0.438,2,1,"$4,441.00",$555.00,8,12,16,17,0.841344746068543,0.773372647623132,0.19743614087608600
BRONX,MOORE,129,40.812868,-73.909992,93,463,463,"2,165.5",4.68,"1,133","1,133",157,0.343,2,0,"$3,350.00",$520.00,5,41,56,19,0.5,0.598706325682924,0.626448665399021
BRONX,MORRISANIA,130,40.832847,-73.906663,141,206,206,962.0,4.67,531,531,69,0.34,2,0,"$3,891.00",$449.00,3,35,68,21,0.252492537546923,0.401293674317076,0.5556705807022100
BROOKLYN,TOMPKINS,131,40.696959,-73.945148,131,"1,045","1,046","5,218.5",4.99,"2,818","2,818",352,0.34,8,1,"$3,532.00",$572.00,6,26,60,21,0.630558659818236,0.401293674317076,0.5391045042971600
BRONX,MILL BROOK EXTENSION,132,40.804116,-73.915972,84,125,125,611.5,4.89,297,297,54,0.432,1,0,"$3,198.00",$462.00,5,16,24,19,0.5,0.598706325682924,0.3294295222948300
MANHATTAN,CHELSEA,134,40.748547,-74.001228,134,425,425,"1,914.5",4.5,733,910,181,0.43,2,0,"$4,584.00",$583.00,5,29,42,20,0.5,0.5,0.42786439086059900
BROOKLYN,ROOSEVELT I,135,40.69327,-73.937225,135,761,763,"3,575.5",4.7,"1,814","1,814",323,0.428,6,0,"$3,914.00",$526.00,8,35,56,20,0.841344746068543,0.5,0.6005971037461750
MANHATTAN,FULTON,136,40.743582,-74.004542,136,944,944,"4,223.0",4.47,"2,166","2,166",374,0.399,11,1,"$4,866.00",$678.00,6,24,42,20,0.630558659818236,0.5,0.4015913169017680
BRONX,BOSTON SECOR,138,40.882537,-73.833363,138,538,538,"2,487.0",4.62,"1,322","1,322",184,0.346,4,2,"$4,778.00",$566.00,2,6,7,19,0.158655253931457,0.598706325682924,0.04983207500123400
MANHATTAN,ISAACS,139,40.781618,-73.945018,139,634,636,"2,638.0",4.16,"1,250","1,250",279,0.441,3,1,"$5,009.00",$556.00,6,16,24,19,0.630558659818236,0.598706325682924,0.2708778722930460
BRONX,WEBSTER,141,40.83289,-73.90843,141,606,606,"2,831.0",4.67,"1,562","1,562",223,0.372,5,1,"$4,319.00",$503.00,6,49,74,21,0.630558659818236,0.401293674317076,0.6946323718644680
BROOKLYN,HABER,142,40.572657,-73.991048,166,380,380,"1,327.0",3.49,442,442,347,0.928,3,0,"$5,647.00",$295.00,4,5,8,18,0.369441340181764,0.691462461274013,0.1328910969771220
QUEENS,REHAB PROGRAM (COLLEGE POINT),143,40.78043,-73.843012,186,13,13,32.5,2.5,13,13,12,0.923,1,0,"$4,821.00",$235.00,5,7,1,13,0.5,0.959940843136183,0.08790009977077070
BRONX,MITCHEL,145,40.809098,-73.925808,145,"1,732","1,732","7,554.0",4.36,"4,010","4,010",666,0.391,10,1,"$4,350.00",$534.00,5,24,42,20,0.5,0.5,0.4568505564683820
BROOKLYN,VAN DYKE II,146,40.664539,-73.903167,182,111,112,413.5,3.73,128,128,104,0.945,1,0,"$5,546.00",$334.00,3,20,40,21,0.252492537546923,0.401293674317076,0.34011361326688700
MANHATTAN,HARLEM RIVER II,147,40.826804,-73.938466,3,116,116,515.0,4.44,272,272,40,0.36,1,0,"$5,059.00",$589.00,1,15,47,22,0.0912112197258679,0.308537538725987,0.23060984750257400
MANHATTAN,DOUGLASS ADDITION,148,40.798351,-73.967697,82,135,135,667.5,4.94,337,337,50,0.37,1,0,"$5,667.00",$600.00,4,17,9,16,0.369441340181764,0.841344746068543,0.16824334138612000
MANHATTAN,POLO GROUNDS TOWERS,149,40.830991,-73.937823,149,"1,614","1,614","7,682.0",4.76,"3,941","3,941",581,0.365,4,4,"$4,190.00",$545.00,2,24,42,22,0.158655253931457,0.308537538725987,0.2900528029211100
MANHATTAN,830 AMSTERDAM AVENUE,150,40.797054,-73.968728,82,158,159,724.0,4.58,351,351,63,0.404,1,0,"$4,992.00",$492.00,8,14,8,15,0.841344746068543,0.894350226333145,0.1792921427136200
MANHATTAN,WSUR (SITE A) 120 WEST 94TH STREET,151,40.791869,-73.969827,127,69,70,300.5,4.36,145,145,19,0.275,1,0,,$671.00,7,17,11,17,0.747507462453077,0.773372647623132,0.18878476915590100
MANHATTAN,LA GUARDIA ADDITION,152,40.711655,-73.988586,76,149,150,491.5,3.3,193,193,142,0.953,1,0,"$5,645.00",$297.00,8,32,45,19,0.841344746068543,0.598706325682924,0.5945293963823000
MANHATTAN,STRAUS,153,40.741026,-73.979643,153,267,267,"1,162.5",4.35,550,550,127,0.481,2,0,"$4,674.00",$564.00,10,22,54,21,0.952209647727185,0.401293674317076,0.41286048980825300
MANHATTAN,131 SAINT NICHOLAS AVENUE,154,40.804113,-73.953244,97,98,100,386.0,3.94,165,165,41,0.427,1,0,"$4,694.00",$529.00,9,14,33,20,0.908788780274132,0.5,0.28333700177047500
MANHATTAN,DE HOSTOS APARTMENTS,155,40.79258,-73.972111,127,219,223,953.5,4.35,453,453,87,0.407,1,0,"$4,130.00",$532.00,9,13,13,16,0.908788780274132,0.841344746068543,0.2034815249908180
BROOKLYN,303 VERNON AVENUE,156,40.696112,-73.939525,73,234,234,"1,101.0",4.71,541,541,100,0.431,1,0,"$4,272.00",$511.00,5,36,51,21,0.5,0.401293674317076,0.5511802654094650
BRONX,BRONX RIVER ADDITION,157,40.833527,-73.876441,32,226,226,640.0,2.83,241,241,206,0.928,2,0,"$6,128.00",$290.00,4,31,32,20,0.369441340181764,0.5,0.40743286470147400
BROOKLYN,SARATOGA VILLAGE,158,40.685903,-73.91713,162,125,125,562.5,4.5,298,298,42,0.336,1,0,"$4,147.00",$613.00,8,29,43,19,0.841344746068543,0.598706325682924,0.5580388721498880
MANHATTAN,HOLMES TOWERS,159,40.780712,-73.945414,139,536,537,"2,070.0",3.86,941,941,257,0.481,2,0,"$4,952.00",$511.00,6,16,23,19,0.630558659818236,0.598706325682924,0.24466491118643700
MANHATTAN,BETHUNE GARDENS,160,40.832169,-73.941756,3,210,210,735.0,3.5,260,260,185,0.885,1,0,"$5,007.00",$337.00,4,23,36,20,0.369441340181764,0.5,0.341623921669262
BROOKLYN,KINGSBOROUGH EXTENSION,161,40.675085,-73.924312,10,182,184,637.0,3.5,203,203,168,0.928,1,0,"$4,637.00",$343.00,1,19,50,22,0.0912112197258679,0.308537538725987,0.33433342319141100
BROOKLYN,OCEAN HILL APARTMENTS,162,40.681028,-73.908366,162,238,238,"1,077.0",4.53,640,640,62,0.266,3,1,"$4,527.00",$684.00,9,16,53,21,0.908788780274132,0.401293674317076,0.43470659841882000
BROOKLYN,WYCKOFF GARDENS,163,40.682542,-73.983819,163,528,529,"2,434.0",4.61,"1,131","1,131",231,0.446,3,0,"$4,149.00",$584.00,3,27,34,20,0.252492537546923,0.5,0.34525391223029300
QUEENS,CARLETON MANOR,164,40.591184,-73.799947,75,169,174,728.5,4.31,357,357,53,0.315,1,0,"$4,498.00",$506.00,1,2,2,17,0.0912112197258679,0.773372647623132,0.023149194957869200
QUEENS,BEACH 41ST STREET-BEACH CHANNEL DRIVE,165,40.597165,-73.772966,165,712,712,"3,106.0",4.36,"1,622","1,622",233,0.335,4,1,"$7,988.00",$470.00,2,0,5,19,0.158655253931457,0.598706325682924,0.03335932065179150
BROOKLYN,CAREY GARDENS,166,40.575524,-73.990162,166,682,683,"3,095.0",4.54,"1,632","1,632",284,0.419,3,2,"$5,476.00",$486.00,6,7,5,14,0.630558659818236,0.933192798731142,0.17521677634668300
BROOKLYN,REID APARTMENTS,167,40.661989,-73.938367,167,227,230,681.5,3,235,235,206,0.92,1,0,"$5,227.00",$318.00,8,20,46,21,0.841344746068543,0.401293674317076,0.45224580561909400
BROOKLYN,HUGHES APARTMENTS,168,40.667949,-73.908402,168,509,513,"2,421.5",4.76,"1,366","1,366",135,0.268,3,1,"$4,201.00",$585.00,10,15,30,19,0.952209647727185,0.598706325682924,0.35345340382047500
BROOKLYN,LOW HOUSES,169,40.669532,-73.904734,169,534,536,"2,542.0",4.76,"1,358","1,358",156,0.297,4,0,"$4,052.00",$507.00,9,21,29,19,0.908788780274132,0.598706325682924,0.4084254891352360
BROOKLYN,SURFSIDE GARDENS,170,40.575049,-73.998543,170,594,600,"2,550.0",4.29,"1,141","1,141",358,0.617,5,0,"$5,261.00",$450.00,5,5,6,17,0.5,0.773372647623132,0.12639857314611900
BROOKLYN,GLENMORE PLAZA,171,40.671107,-73.906225,169,439,440,"1,701.5",3.88,823,823,189,0.441,4,0,"$6,221.00",$499.00,14,21,40,19,0.99865010196837,0.598706325682924,0.49200037696420300
BROOKLYN,O'DWYER GARDENS,172,40.57379,-73.999359,172,570,573,"2,204.0",3.87,947,947,305,0.544,6,1,"$6,649.00",$525.00,1,8,4,16,0.0912112197258679,0.841344746068543,0.11019932585718800
MANHATTAN,WSUR (SITE B) 74 WEST 92ND STREET,173,40.789836,-73.969265,127,168,168,735.0,4.38,318,318,77,0.475,1,0,"$4,167.00",$512.00,7,15,12,17,0.747507462453077,0.773372647623132,0.17570128728795200
MANHATTAN,WSUR (SITE C) 589 AMSTERDAM AVENUE,174,40.789124,-73.97349,127,158,158,690.0,4.37,348,348,61,0.396,1,0,,$558.00,8,12,19,18,0.841344746068543,0.691462461274013,0.198493644828702
STATEN ISLAND,WEST BRIGHTON II,175,40.634927,-74.118927,116,120,144,382.0,3.18,99,99,74,0.892,8,0,"$6,036.00",$339.00,3,3,6,19,0.252492537546923,0.598706325682924,0.08854547576636610
MANHATTAN,CHELSEA ADDITION,176,40.749644,-74.001468,134,96,96,336.0,3.5,114,114,88,0.926,1,0,"$7,149.00",$337.00,4,23,42,21,0.369441340181764,0.401293674317076,0.35083380006148400
BROOKLYN,ROOSEVELT II,177,40.694332,-73.935585,135,342,342,"1,496.0",4.37,727,727,139,0.41,3,0,"$4,312.00",$538.00,5,36,65,21,0.5,0.401293674317076,0.6080888907355410
MANHATTAN,WSUR (BROWNSTONES),178,40.789438,-73.96906,127,236,236,784.0,3.32,329,329,103,0.45,36,0,"$4,936.00",$501.00,6,16,13,17,0.630558659818236,0.773372647623132,0.17882497095046500
BRONX,1010 EAST 178TH STREET,180,40.840796,-73.880297,180,218,220,918.0,4.21,450,450,89,0.418,1,0,"$5,341.00",$503.00,5,20,32,19,0.5,0.598706325682924,0.39485672655331700
MANHATTAN,METRO NORTH PLAZA,181,40.787192,-73.943161,112,271,275,"1,301.5",4.8,643,643,112,0.416,3,0,"$5,105.00",$574.00,3,24,29,20,0.252492537546923,0.5,0.3834065814781680
BROOKLYN,WOODSON,182,40.66474,-73.902255,182,407,407,"1,419.5",3.49,449,449,359,0.886,2,0,"$5,785.00",$342.00,3,22,39,21,0.252492537546923,0.401293674317076,0.3502177000765460
MANHATTAN,MELTZER TOWER,183,40.723106,-73.987174,100,229,231,686.5,3,247,247,199,0.896,1,0,"$7,487.00",$290.00,11,39,60,19,0.977249868051821,0.598706325682924,0.7330185953316350
MANHATTAN,HERNANDEZ,184,40.722232,-73.989489,100,149,149,601.5,4.04,260,260,80,0.544,1,0,"$6,077.00",$524.00,13,48,71,20,0.99616961943241,0.5,0.8629743349167810
MANHATTAN,344 EAST 28TH STREET,185,40.739948,-73.976987,153,225,225,985.5,4.38,281,427,111,0.502,1,0,"$5,053.00",$516.00,4,14,42,22,0.369441340181764,0.308537538725987,0.25810462723853200
QUEENS,LATIMER GARDENS,186,40.765843,-73.830402,186,423,423,"1,708.5",4.04,792,792,217,0.513,4,0,"$5,442.00",$526.00,2,30,11,17,0.158655253931457,0.773372647623132,0.3399480657729020
MANHATTAN,AMSTERDAM ADDITION,187,40.774661,-73.987003,22,175,175,762.5,4.36,287,353,97,0.557,1,0,"$9,250.00",$510.00,2,15,21,21,0.158655253931457,0.401293674317076,0.13598976228522900
BRONX,BOSTON ROAD PLAZA,189,40.862001,-73.865947,39,232,235,814.0,3.51,276,276,207,0.892,1,1,"$8,452.00",$368.00,9,26,10,15,0.908788780274132,0.894350226333145,0.40920658196794500
BRONX,DAVIDSON,190,40.82737,-73.899212,342,175,175,841.5,4.81,479,479,69,0.394,1,0,"$10,259.00",$544.00,8,44,50,19,0.841344746068543,0.598706325682924,0.6892739712038830
BRONX,MIDDLETOWN PLAZA,191,40.844728,-73.829135,34,177,179,602.5,3.4,192,192,160,0.914,1,0,"$9,776.00",$313.00,1,6,7,18,0.0912112197258679,0.691462461274013,0.10883780097373100
MANHATTAN,SEWARD PARK EXTENSION,192,40.716956,-73.986875,100,360,360,"1,591.0",4.42,796,796,146,0.412,2,2,"$7,394.00",$511.00,14,44,44,18,0.99865010196837,0.691462461274013,0.7719920786638830
BRONX,THROGGS NECK ADDITION,193,40.821997,-73.825914,63,287,287,"1,330.5",4.64,692,692,112,0.4,4,0,"$5,523.00",$542.00,0,5,4,22,0.0477903522728147,0.308537538725987,0.04232271376521010
BROOKLYN,PENNSYLVANIA AVENUE-WORTMAN AVENUE,194,40.656598,-73.888025,194,336,336,"1,343.0",4,627,627,145,0.438,3,1,"$8,606.00",$462.00,5,14,22,20,0.5,0.5,0.2546900584576320
BRONX,FORT INDEPENDENCE STREET-HEATH AVENUE,197,40.879544,-73.900189,197,342,344,"1,509.0",4.41,733,733,117,0.347,1,0,"$6,933.00",$544.00,2,21,8,17,0.158655253931457,0.773372647623132,0.1893551628635840
MANHATTAN,BARUCH HOUSES ADDITION,198,40.717066,-73.979179,60,197,197,646.5,3.28,242,242,179,0.923,1,0,"$9,907.00",$302.00,2,21,40,21,0.158655253931457,0.401293674317076,0.3086667443745430
MANHATTAN,CORSI HOUSES,199,40.797103,-73.936907,64,171,171,512.5,3,186,186,144,0.867,1,0,"$11,882.00",$303.00,9,24,25,18,0.908788780274132,0.691462461274013,0.41379145186818400
QUEENS,LEAVITT STREET-34TH AVENUE,201,40.766916,-73.828691,186,83,83,272.5,3.28,104,104,76,0.916,1,0,"$9,244.00",$309.00,7,20,17,17,0.747507462453077,0.773372647623132,0.34496837745255700
BRONX,BAILEY AVENUE-WEST 193RD STREET,202,40.869943,-73.906697,197,232,233,976.0,4.21,455,455,89,0.387,1,0,"$8,173.00",$493.00,1,16,37,22,0.0912112197258679,0.308537538725987,0.21578936294451000
MANHATTAN,335 EAST 111TH STREET,203,40.793221,-73.938141,64,66,66,259.0,3.92,114,114,33,0.5,1,0,"$4,651.00",$482.00,8,29,21,17,0.841344746068543,0.773372647623132,0.4607626371158570
MANHATTAN,"PARK AVENUE-EAST 122ND, 123RD STREETS",204,40.80304,-73.939229,241,90,90,419.0,4.66,205,205,37,0.42,2,1,"$5,017.00",$542.00,3,21,37,21,0.252492537546923,0.401293674317076,0.3378315320596100
BROOKLYN,FENIMORE-LEFFERTS,205,40.660285,-73.942221,167,36,36,180.0,5,98,98,12,0.333,18,0,"$3,520.00",$741.00,5,17,46,21,0.5,0.401293674317076,0.40138515667190100
STATEN ISLAND,CASSIDY-LAFAYETTE,206,40.64241,-74.09658,117,378,380,"1,248.0",3.3,439,439,323,0.878,4,1,"$5,315.00",$323.00,2,0,6,21,0.158655253931457,0.401293674317076,0.04795229976007030
BROOKLYN,FIORENTINO PLAZA,207,40.672861,-73.891642,261,158,160,787.0,4.98,443,443,31,0.197,8,0,"$7,712.00",$537.00,7,26,38,19,0.747507462453077,0.598706325682924,0.4788291480322920
BRONX,EAST 180TH STREET-MONTEREY AVENUE,208,40.850566,-73.892587,180,239,239,"1,052.5",4.4,531,531,88,0.373,1,1,"$8,221.00",$531.00,1,48,59,20,0.0912112197258679,0.5,0.7078805435380680
,FHA REPOSSESSED HOUSES (GROUP I),209,40.685448,-73.768682,91,21,29,111.5,5.31,,35,,,26,,$6.56,$812.00,0,1,4,24,0.0477903522728147,0.158655253931457,0.005959771777515920
,FHA REPOSSESSED HOUSES (GROUP II),212,40.688097,-73.780156,91,10,14,54.0,5.4,,25,,,12,,$6.93,$920.00,1,4,9,23,0.0912112197258679,0.226627352376868,0.03588768495922390
,FHA REPOSSESSED HOUSES (GROUP III),213,40.701352,-73.769363,91,11,13,60.5,5.5,,20,,,12,,$7.52,"$1,089.00",1,2,6,20,0.0912112197258679,0.5,0.04611114169662560
BRONX,1471 WATSON AVENUE,214,40.826136,-73.88108,67,96,96,386.0,4.02,156,156,47,0.505,1,0,"$5,814.00",$452.00,7,15,45,21,0.747507462453077,0.401293674317076,0.3586705617179380
BRONX,HOE AVENUE-EAST 173RD STREET,215,40.836292,-73.886964,530,65,65,270.5,4.16,144,144,22,0.344,1,0,"$5,801.00",$505.00,10,19,54,21,0.952209647727185,0.401293674317076,0.43974478648256200
BROOKLYN,CONEY ISLAND I (SITES 4 & 5),216,40.574817,-73.993165,170,376,376,"1,879.0",5,"1,029","1,029",103,0.279,1,1,"$8,808.00",$595.00,6,5,6,15,0.630558659818236,0.894350226333145,0.15620944640833100
MANHATTAN,ROBBINS PLAZA,218,40.766827,-73.95716,139,150,150,470.0,3.13,160,160,136,0.919,1,0,"$9,568.00",$340.00,6,17,23,20,0.630558659818236,0.5,0.223489418685475
BROOKLYN,STUYVESANT GARDENS I,221,40.688252,-73.933165,221,329,331,"1,614.5",4.91,828,828,96,0.293,5,0,"$6,212.00",$626.00,8,30,56,21,0.841344746068543,0.401293674317076,0.5182281727981610
BRONX,TELLER AVENUE-EAST 166TH STREET,223,40.830032,-73.912611,308,90,90,352.0,3.91,185,185,41,0.461,1,0,"$6,363.00",$463.00,9,40,85,20,0.908788780274132,0.5,0.7220073847664810
BRONX,EAGLE AVENUE-EAST 163RD STREET,224,40.823008,-73.908395,59,65,66,273.5,4.21,125,125,23,0.354,1,0,"$6,078.00",$472.00,6,33,88,22,0.630558659818236,0.308537538725987,0.5741625687453470
BRONX,GLEBE AVENUE-WESTCHESTER AVENUE,225,40.835055,-73.850952,67,131,132,434.5,3.32,143,143,124,0.947,1,0,"$7,467.00",$324.00,3,14,16,18,0.252492537546923,0.691462461274013,0.2297019696531210
,FHA REPOSSESSED HOUSES (GROUP IV),226,40.696861,-73.764495,91,10,13,59.0,5.9,,20,,,13,,$7.38,$943.00,1,2,5,20,0.0912112197258679,0.5,0.03459755965311350
QUEENS,CONLON LIHFE TOWER,232,40.706249,-73.788444,91,214,216,701.0,3.28,240,240,192,0.91,1,0,"$7,973.00",$352.00,0,2,13,24,0.0477903522728147,0.158655253931457,0.047359080502342800
BRONX,1162-1176 WASHINGTON AVENUE,233,40.829969,-73.907259,308,65,66,293.5,4.52,170,170,21,0.328,1,0,"$7,302.00",$440.00,10,35,78,21,0.952209647727185,0.401293674317076,0.6352217863499180
BROOKLYN,TAYLOR STREET-WYTHE AVENUE,234,40.704255,-73.964911,234,525,525,"2,465.5",4.7,"1,226","1,226",227,0.438,5,1,"$8,118.00",$477.00,1,25,30,19,0.0912112197258679,0.598706325682924,0.4059581654515920
BRONX,BRYANT AVENUE-EAST 174TH STREET,235,40.835934,-73.885743,530,72,72,284.0,3.94,135,135,33,0.465,1,0,"$7,315.00",$519.00,8,18,57,21,0.841344746068543,0.401293674317076,0.43126927513145000
BRONX,COLLEGE AVENUE-EAST 165TH STREET,236,40.829265,-73.915108,308,95,95,307.5,3.24,102,102,84,0.894,1,0,"$7,869.00",$288.00,8,35,90,20,0.841344746068543,0.5,0.7198239075457190
BRONX,EAST 152ND STREET-COURTLANDT AVENUE,237,40.818535,-73.917748,28,221,221,913.5,4.13,382,382,144,0.652,2,0,"$8,330.00",$423.00,17,26,64,19,0.999968328758167,0.598706325682924,0.5939662839908340
BROOKLYN,CONEY ISLAND I (SITE 8),238,40.573536,-74.000924,172,124,125,626.0,5.05,361,361,37,0.306,1,0,"$9,255.00",$559.00,0,7,5,18,0.0477903522728147,0.691462461274013,0.08762251305575870
BROOKLYN,CONEY ISLAND I (SITE 1B),239,40.57543,-73.987267,166,192,193,952.0,4.96,512,512,73,0.382,1,0,"$7,829.00",$552.00,5,8,7,17,0.5,0.773372647623132,0.16429840976231200
BROOKLYN,"UNITY PLAZA (SITES 17,24,25A)",240,40.66824,-73.896779,261,167,167,768.5,4.6,471,471,41,0.247,3,0,"$6,699.00",$583.00,7,25,41,20,0.747507462453077,0.5,0.47710591346847700
MANHATTAN,ROBINSON,241,40.806871,-73.936424,241,188,189,834.0,4.44,421,421,70,0.376,1,0,"$7,068.00",$565.00,2,12,38,22,0.158655253931457,0.308537538725987,0.2436051053706910
BROOKLYN,104-14 TAPSCOTT STREET,242,40.665087,-73.9206,167,30,30,131.0,4.37,65,65,5,0.172,1,0,"$6,505.00",$643.00,8,35,45,19,0.841344746068543,0.598706325682924,0.571243634201234
BROOKLYN,BORINQUEN PLAZA I,243,40.704531,-73.942667,243,509,509,"2,359.5",4.64,"1,123","1,123",270,0.539,8,2,"$6,556.00",$539.00,9,26,70,21,0.908788780274132,0.401293674317076,0.5917993623604850
BRONX,RANDALL AVENUE-BALCOM AVENUE,245,40.822076,-73.828127,63,251,252,823.5,3.28,276,276,217,0.886,3,0,"$10,757.00",$354.00,0,3,5,21,0.0477903522728147,0.401293674317076,0.03679328811219920
BRONX,WEST TREMONT AVENUE-SEDGWICK AVENUE AREA,246,40.852468,-73.918218,45,148,148,485.0,3.28,159,159,130,0.897,1,0,"$8,734.00",$272.00,5,18,41,21,0.5,0.401293674317076,0.31533376459256800
BROOKLYN,GARVEY (GROUP A),252,40.669919,-73.915222,252,320,321,"1,525.0",4.77,863,863,124,0.394,3,1,"$8,168.00",$563.00,4,27,54,21,0.369441340181764,0.401293674317076,0.4731871726724100
BROOKLYN,ATLANTIC TERMINAL SITE 4B,256,40.682932,-73.970162,163,299,300,"1,237.5",4.14,582,582,121,0.41,1,0,"$8,489.00",$562.00,0,33,45,21,0.0477903522728147,0.401293674317076,0.43731411471725000
,FHA REPOSSESSED HOUSES (GROUP V),260,40.692953,-73.773905,91,29,36,153.5,5.29,,65,,,31,,$7.17,$833.00,0,1,6,24,0.0477903522728147,0.158655253931457,0.010159006305389300
BROOKLYN,UNITY PLAZA (SITES 4-27),261,40.666711,-73.897595,261,460,462,"2,141.0",4.65,"1,133","1,133",130,0.288,5,0,"$7,813.00",$557.00,9,19,37,19,0.908788780274132,0.598706325682924,0.44316301437975100
MANHATTAN,HARBORVIEW TERRACE,262,40.76851,-73.990824,22,377,377,"1,493.5",3.96,648,648,241,0.65,2,0,"$10,911.00",$522.00,6,18,27,19,0.630558659818236,0.598706325682924,0.3009567141198460
BROOKLYN,EAST NEW YORK CITY LINE,263,40.668417,-73.873664,70,66,66,409.0,6.2,258,258,19,0.292,33,0,"$6,784.00",$633.00,7,21,22,18,0.747507462453077,0.691462461274013,0.37407372907153500
MANHATTAN,BRACETTI PLAZA,264,40.722225,-73.981022,337,108,108,538.0,4.98,257,257,47,0.439,1,0,"$8,008.00",$596.00,5,33,37,20,0.5,0.5,0.43202709202494200
MANHATTAN,45 ALLEN STREET,265,40.716719,-73.992267,100,107,107,537.5,5.02,237,237,46,0.442,1,1,"$7,981.00",$687.00,13,55,34,17,0.99616961943241,0.773372647623132,0.9118267008236050
MANHATTAN,TWO BRIDGES URA (SITE 7),266,40.710882,-73.986213,76,250,250,"1,251.0",5,622,622,107,0.428,1,0,"$8,414.00",$650.00,2,24,46,21,0.158655253931457,0.401293674317076,0.4016787076619580
BRONX,MORRISANIA AIR RIGHTS,267,40.824132,-73.91772,267,841,843,"3,788.5",4.5,"1,681","1,681",428,0.521,3,0,"$10,584.00",$473.00,8,41,61,20,0.841344746068543,0.5,0.6124667105692970
MANHATTAN,THOMAS APARTMENTS,268,40.789705,-73.970438,127,87,87,304.5,3.5,96,96,75,0.872,1,0,"$36,744.00",$375.00,8,14,13,17,0.841344746068543,0.773372647623132,0.18601952790566700
BROOKLYN,BORINQUEN PLAZA II,271,40.705419,-73.940337,243,425,425,"2,265.5",5.33,"1,123","1,123",149,0.351,7,0,"$7,244.00",$612.00,7,24,68,21,0.747507462453077,0.401293674317076,0.573993824264537
,FHA REPOSSESSED HOUSES (GROUP VI),273,40.691943,-73.766008,91,6,9,32.0,5.33,,11,,,7,,$7.32,$750.00,0,2,4,22,0.0477903522728147,0.308537538725987,0.017732909320158900
,FHA REPOSSESSED HOUSES (GROUP VII),274,40.685193,-73.76648,91,5,8,29.5,5.9,,9,,,8,,$8.26,$929.00,0,3,4,23,0.0477903522728147,0.226627352376868,0.012273767748650200
,FHA REPOSSESSED HOUSES (GROUP VIII),275,40.692459,-73.765172,91,5,9,29.5,5.9,,16,,,9,,$8.57,"$1,249.00",0,2,4,22,0.0477903522728147,0.308537538725987,0.018790943456059300
BROOKLYN,LONG ISLAND BAPTIST HOUSES,276,40.667455,-73.897301,261,229,232,"1,039.5",4.54,526,526,63,0.283,4,0,"$11,010.00",$540.00,9,24,36,19,0.908788780274132,0.598706325682924,0.4804934332155960
MANHATTAN,MORRIS PARK SENIOR CITIZENS HOME,277,40.805498,-73.941592,241,97,97,296.5,3.06,103,103,83,0.865,1,0,"$6,337.00",$302.00,6,24,29,19,0.630558659818236,0.598706325682924,0.36505277581726300
QUEENS,SHELTON HOUSE,279,40.706511,-73.798668,91,153,155,475.5,3.11,164,164,138,0.92,1,0,"$7,061.00",$325.00,1,0,36,24,0.0912112197258679,0.158655253931457,0.12022601460224300
BRONX,SACK WERN,280,40.81978,-73.866388,280,411,413,"1,891.5",4.6,864,864,166,0.409,7,1,"$4,528.00",$573.00,5,6,25,22,0.5,0.308537538725987,0.1316666434206780
MANHATTAN,GRAMPION,281,40.806043,-73.952424,30,35,35,155.5,4.44,67,67,8,0.242,1,0,"$5,094.00",$522.00,7,17,33,20,0.747507462453077,0.5,0.26923903370195100
BROOKLYN,RUTLAND TOWERS,282,40.66187,-73.92817,167,60,61,218.0,3.63,100,100,29,0.492,1,0,"$6,727.00",$502.00,10,25,48,19,0.952209647727185,0.598706325682924,0.5409533068182020
,FHA REPOSSESSED HOUSES (GROUP IX),283,40.67814,-73.895093,91,16,40,79.0,4.94,,31,,,16,,$0.00,"$1,076.00",7,14,35,20,0.747507462453077,0.5,0.3483853274415880
,FHA REPOSSESSED HOUSES (GROUP X),284,40.677651,-73.766413,91,16,21,87.0,5.44,,37,,,20,,$6.56,$713.00,1,1,4,19,0.0912112197258679,0.598706325682924,0.028107710644926000
MANHATTAN,CAMPOS PLAZA II,286,40.728545,-73.977207,337,224,224,"1,088.0",4.86,508,508,105,0.469,2,0,"$16,193.00",$627.00,7,20,34,20,0.747507462453077,0.5,0.3475307815911870
BRONX,TWIN PARKS EAST (SITE 9),287,40.846991,-73.887592,180,219,219,689.5,3.15,231,231,189,0.875,1,0,"$16,520.00",$296.00,6,30,44,20,0.630558659818236,0.5,0.5572516991630060
MANHATTAN,LOWER EAST SIDE REHAB (GROUP 5),292,40.723869,-73.979416,337,55,55,229.5,4.17,119,119,17,0.309,2,0,"$18,795.00",$643.00,9,20,39,19,0.908788780274132,0.598706325682924,0.41251645021498100
MANHATTAN,WASHINGTON HEIGHTS REHAB (GROUPS 1&2),293,40.845641,-73.933531,309,215,216,915.5,4.26,406,406,103,0.488,5,0,"$24,631.00",$484.00,10,21,42,19,0.952209647727185,0.598706325682924,0.5081891114591890
MANHATTAN,MANHATTANVILLE REHAB (GROUP 2),296,40.81877,-73.953384,81,46,46,187.0,4.07,87,87,21,0.457,3,0,"$32,096.00",$599.00,2,16,29,21,0.158655253931457,0.401293674317076,0.18230287517747400
MANHATTAN,MANHATTANVILLE REHAB (GROUP 3),297,40.818387,-73.954239,81,51,51,220.5,4.32,115,115,17,0.333,2,0,"$16,603.00",$453.00,3,17,26,21,0.252492537546923,0.401293674317076,0.18986273752321000
BRONX,EAST 165TH STREET-BRYANT AVENUE,304,40.824972,-73.888875,530,111,111,588.5,5.3,362,362,21,0.191,5,0,"$13,874.00",$729.00,10,34,63,20,0.952209647727185,0.5,0.6744898086841220
BRONX,SOUTH BRONX AREA (SITE 402),305,40.82115,-73.908308,342,112,114,592.0,5.29,383,383,18,0.162,4,0,"$14,764.00",$636.00,8,48,77,21,0.841344746068543,0.401293674317076,0.6893229030337170
BRONX,CLAREMONT REHAB (GROUP 2),307,40.831732,-73.911037,308,106,107,455.0,4.29,251,251,35,0.337,6,0,"$24,822.00",$457.00,6,54,74,20,0.630558659818236,0.5,0.776287315443973
BRONX,CLAREMONT REHAB (GROUP 3),308,40.829656,-73.913161,308,107,115,470.5,4.4,263,263,27,0.252,5,0,"$14,061.00",$495.00,13,44,89,20,0.99616961943241,0.5,0.8235330381590460
MANHATTAN,FORT WASHINGTON AVENUE REHAB,309,40.839258,-73.944614,309,226,226,814.0,3.6,277,277,204,0.903,1,0,"$19,862.00",$327.00,5,11,26,20,0.5,0.5,0.2570124015161110
BROOKLYN,BEDFORD-STUYVESANT REHAB,311,40.6947,-73.942094,73,84,85,381.0,4.54,180,180,29,0.349,3,0,"$13,316.00",$579.00,12,35,49,19,0.990184671371355,0.598706325682924,0.6468016429036630
BROOKLYN,CROWN HEIGHTS,312,40.672159,-73.923442,351,121,121,527.5,4.36,241,241,33,0.275,8,0,"$15,118.00",$625.00,5,24,58,21,0.5,0.401293674317076,0.4549143563417760
BROOKLYN,OCEAN HILL-BROWNSVILLE,313,40.676116,-73.919633,351,125,125,540.5,4.32,304,304,16,0.131,5,0,"$14,942.00",$599.00,3,26,52,22,0.252492537546923,0.308537538725987,0.4270060194538410
STATEN ISLAND,NEW LANE AREA,314,40.613028,-74.061544,35,276,277,996.0,3.61,348,348,244,0.891,1,0,"$18,493.00",$327.00,2,3,4,17,0.158655253931457,0.773372647623132,0.07579839643859060
BROOKLYN,VANDALIA AVENUE,315,40.650132,-73.887085,194,288,293,"1,036.0",3.6,333,333,262,0.91,2,1,"$19,480.00",$376.00,0,7,8,20,0.0477903522728147,0.5,0.07320752956100350
QUEENS,INTERNATIONAL TOWER,316,40.70812,-73.790663,91,146,159,520.0,3.56,179,179,131,0.903,1,0,"$19,269.00",$383.00,0,12,2,18,0.0477903522728147,0.691462461274013,0.10409252293402900
BROOKLYN,BROWN,325,40.672802,-73.913145,252,200,200,700.0,3.5,220,220,179,0.904,2,0,"$19,179.00",$368.00,6,28,35,20,0.630558659818236,0.5,0.4398110672117450
MANHATTAN,LOWER EAST SIDE I INFILL,326,40.721313,-73.990438,100,189,189,777.5,4.11,361,361,105,0.568,5,0,"$18,482.00",$512.00,20,50,64,18,0.999999713348428,0.691462461274013,1.0
MANHATTAN,WASHINGTON HEIGHTS REHAB PHASE III (HARLEM RIVER),329,40.833233,-73.944264,3,14,14,63.0,4.5,30,30,5,0.357,1,0,"$15,821.00",$513.00,7,20,22,18,0.747507462453077,0.691462461274013,0.32010170970716200
MANHATTAN,WASHINGTON HEIGHTS REHAB PHASE IV (C),330,40.845278,-73.933764,309,32,32,129.0,4.03,67,67,16,0.516,2,0,"$23,660.00",$478.00,14,18,42,19,0.99865010196837,0.598706325682924,0.5114121906517730
MANHATTAN,WASHINGTON HEIGHTS REHAB PHASE IV (D),331,40.845092,-73.934264,309,32,32,132.0,4.13,60,60,15,0.469,2,0,"$22,783.00",$508.00,13,18,41,19,0.99616961943241,0.598706325682924,0.4954087825339740
BROOKLYN,STUYVESANT GARDENS II,333,40.688289,-73.930688,221,150,150,525.0,3.5,166,166,135,0.912,1,0,"$19,032.00",$396.00,4,26,60,21,0.369441340181764,0.401293674317076,0.45380499260518400
BRONX,CLAREMONT PARKWAY-FRANKLIN AVENUE,334,40.835821,-73.901239,342,187,188,729.5,3.9,279,279,130,0.707,3,0,"$17,252.00",$403.00,6,18,58,21,0.630558659818236,0.401293674317076,0.41037737845480200
BRONX,CLAREMONT REHAB (GROUP 4),335,40.830902,-73.912369,308,147,150,647.5,4.4,342,342,50,0.34,9,0,"$15,605.00",$464.00,13,53,76,20,0.99616961943241,0.5,0.8270731612620770
BRONX,CLAREMONT REHAB (GROUP 5),336,40.831086,-73.913799,308,129,135,560.5,4.34,304,304,40,0.31,3,0,"$14,555.00",$506.00,11,46,69,20,0.977249868051821,0.5,0.7013638288677610
MANHATTAN,LOWER EAST SIDE II,337,40.722967,-73.979331,337,188,188,848.0,4.51,433,433,74,0.4,4,1,"$17,346.00",$554.00,7,22,44,20,0.747507462453077,0.5,0.4159201045509520
BRONX,EAST 173RD STREET-VYSE AVENUE,338,40.833951,-73.888347,530,168,168,758.0,4.51,403,403,52,0.313,7,0,"$16,684.00",$562.00,6,21,66,21,0.630558659818236,0.401293674317076,0.5038914755130220
BROOKLYN,HOWARD AVENUE,339,40.667478,-73.919901,351,148,150,669.0,4.52,373,373,39,0.265,5,1,"$15,641.00",$663.00,4,45,47,19,0.369441340181764,0.598706325682924,0.6293713100211610
MANHATTAN,PUBLIC SCHOOL 139 (CONVERSION),340,40.817474,-73.939993,111,125,125,423.5,3.39,140,140,100,0.813,1,0,"$18,348.00",$393.00,1,18,23,20,0.0912112197258679,0.5,0.17535067553419800
BRONX,UNIVERSITY AVENUE REHAB,341,40.8529,-73.913511,341,230,230,"1,034.0",4.5,519,519,93,0.404,4,0,"$15,377.00",$529.00,6,28,63,21,0.630558659818236,0.401293674317076,0.4921851373768170
BRONX,UNION AVENUE-EAST 163RD STREET,342,40.823261,-73.901249,342,199,200,696.5,3.5,229,229,172,0.882,1,0,"$18,107.00",$325.00,5,47,63,20,0.5,0.5,0.6800231361930830
MANHATTAN,UPACA (SITE 5),343,40.801759,-73.940133,241,179,200,626.5,3.5,204,204,147,0.84,1,0,"$19,099.00",$312.00,5,23,44,20,0.5,0.5,0.4244614610614240
MANHATTAN,MARSHALL PLAZA,344,40.833303,-73.94211,3,180,180,630.0,3.5,207,207,154,0.89,1,0,"$19,419.00",$307.00,7,20,34,19,0.747507462453077,0.598706325682924,0.3695072960361490
BROOKLYN,BELMONT-SUTTER AREA,345,40.671291,-73.886687,46,72,72,336.0,4.67,189,189,21,0.292,3,0,"$15,993.00",$577.00,4,29,44,20,0.369441340181764,0.5,0.48773596342682100
BRONX,BOYNTON AVENUE REHAB,346,40.825652,-73.87754,32,82,82,367.0,4.48,182,182,29,0.358,3,0,"$13,396.00",$476.00,14,8,42,20,0.99865010196837,0.5,0.3587880716243890
BRONX,HARRISON AVENUE REHAB (GROUP A),347,40.85351,-73.910368,341,34,34,146.0,4.29,75,75,11,0.324,1,0,"$16,225.00",$486.00,6,46,61,19,0.630558659818236,0.598706325682924,0.6793245414312130
BROOKLYN,LENOX ROAD-ROCKAWAY PARKWAY,348,40.65942,-73.918182,167,74,74,327.0,4.42,166,166,18,0.243,3,0,"$14,281.00",$627.00,15,26,33,17,0.999570939666803,0.773372647623132,0.5514297032231170
BROOKLYN,PARK ROCK REHAB,351,40.671674,-73.928472,351,134,134,582.0,4.34,319,319,31,0.235,9,0,"$18,041.00",$679.00,8,23,40,20,0.841344746068543,0.5,0.42427035918484200
BROOKLYN,RALPH AVENUE REHAB,352,40.666224,-73.923023,167,118,118,529.0,4.48,284,284,26,0.22,5,0,"$12,693.00",$574.00,8,34,48,20,0.841344746068543,0.5,0.5381333028557850
BRONX,STEBBINS AVENUE-HEWITT PLACE,353,40.819429,-73.899373,342,119,120,535.5,4.5,274,274,37,0.311,2,0,"$16,391.00",$648.00,5,35,68,20,0.5,0.5,0.6581450322495760
BROOKLYN,TAPSCOTT STREET REHAB,354,40.663468,-73.919661,167,155,155,687.5,4.44,349,349,39,0.255,8,0,"$14,721.00",$532.00,14,33,42,18,0.99865010196837,0.691462461274013,0.6323399540330660
MANHATTAN,UPACA (SITE 6),355,40.801145,-73.94047,241,150,150,525.0,3.5,173,173,132,0.904,1,0,"$19,506.00",$313.00,5,24,44,20,0.5,0.5,0.4388007379372580
BRONX,UNION AVENUE-EAST 166TH STREET,356,40.826482,-73.89957,342,120,120,539.0,4.49,280,280,38,0.322,6,0,"$17,142.00",$556.00,9,48,55,19,0.908788780274132,0.598706325682924,0.750273182344929
MANHATTAN,154 WEST 84TH STREET,359,40.785853,-73.975341,359,35,35,157.5,4.5,74,74,7,0.2,1,0,"$28,412.00",$644.00,5,16,17,18,0.5,0.691462461274013,0.19300462330948100
BRONX,WEST FARMS ROAD REHAB,360,40.827903,-73.88856,530,208,208,883.0,4.25,437,437,68,0.33,4,0,"$16,399.00",$570.00,9,32,59,20,0.908788780274132,0.5,0.6311467823387430
BRONX,LONGFELLOW AVENUE REHAB,362,40.826321,-73.887773,530,75,75,412.5,5.5,278,278,7,0.095,2,0,"$17,077.00",$666.00,10,38,51,19,0.952209647727185,0.598706325682924,0.7089403688338160
MANHATTAN,LOWER EAST SIDE III,364,40.724438,-73.976849,359,56,56,280.0,5,173,173,15,0.268,2,1,"$26,158.00",$705.00,7,16,35,20,0.747507462453077,0.5,0.3128099996432460
BROOKLYN,HOWARD AVENUE-PARK PLACE,365,40.670549,-73.920375,351,155,156,776.5,5.01,449,449,28,0.182,8,0,"$20,286.00",$700.00,9,22,69,21,0.908788780274132,0.401293674317076,0.5715521908640490
BROOKLYN,STERLING PLACE REHABS (SAINT JOHNS-STERLING),366,40.670952,-73.928378,351,83,83,440.5,5.31,275,275,12,0.146,5,0,"$20,640.00",$709.00,7,27,41,20,0.747507462453077,0.5,0.4699473908413370
BRONX,HUNTS POINT AVENUE REHAB,367,40.817966,-73.889037,530,131,131,605.5,4.62,314,314,35,0.273,13,0,"$21,933.00",$568.00,12,28,40,20,0.990184671371355,0.5,0.5208313937060030
BROOKLYN,STERLING PLACE REHABS (STERLING-BUFFALO),368,40.67109,-73.926977,351,125,125,593.5,4.75,329,329,25,0.202,7,0,"$20,616.00",$614.00,7,29,42,20,0.747507462453077,0.5,0.46056103614902200
BROOKLYN,SUTTER AVENUE-UNION STREET,369,40.666031,-73.921365,167,100,100,467.0,4.67,254,254,19,0.192,3,0,"$20,064.00",$678.00,10,36,47,19,0.952209647727185,0.598706325682924,0.6124782415173120
MANHATTAN,SAMUEL (CITY),377,40.819993,-73.938665,377,664,664,"2,824.0",4.25,"1,171","1,412",173,0.265,40,2,,$660.00,5,12,33,21,0.5,0.401293674317076,0.1766686884461100
MANHATTAN,SAMUEL (MHOP) I,389,40.818053,-73.940988,359,24,53,108.0,4.5,38,38,10,0.417,5,0,"$19,661.00",$800.00,4,16,27,20,0.369441340181764,0.5,0.1932918893484170
MANHATTAN,SAMUEL (MHOP) II,398,40.816849,-73.940067,359,4,10,20.0,5,12,12,0,0,1,0,"$20,160.00","$1,036.00",3,16,25,20,0.252492537546923,0.5,0.1891565145429040
MANHATTAN,SAMUEL (MHOP) III,399,40.819558,-73.939507,359,1,10,4.5,4.5,3,3,0,0,1,0,"$20,159.00","$1,431.00",3,14,25,19,0.252492537546923,0.598706325682924,0.17855363999698300
BRONX,MORRIS II,502,40.836636,-73.903741,102,802,802,"3,765.0",4.69,"1,989","1,989",268,0.338,7,0,"$4,008.00",$507.00,6,18,82,23,0.630558659818236,0.226627352376868,0.3979163807620810
QUEENS,QUEENSBRIDGE NORTH,505,40.755885,-73.944253,505,"1,542","1,543","6,337.0",4.11,"3,129","3,129",582,0.382,13,1,"$1,010.00",$556.00,0,1,6,23,0.0477903522728147,0.226627352376868,0.02066725110000410
BROOKLYN,WHITMAN,514,40.694529,-73.975054,514,"1,651","1,659","7,833.5",4.74,"3,866","3,866",554,0.342,15,3,"$1,655.00",$556.00,5,15,43,22,0.5,0.308537538725987,0.31066855876597300
MANHATTAN,REHAB PROGRAM (DOUGLASS REHABS),515,40.79931,-73.969269,359,112,112,413.0,3.69,182,182,43,0.384,4,0,,$543.00,5,13,11,17,0.5,0.773372647623132,0.15932935344422800
MANHATTAN,REHAB PROGRAM (TAFT REHABS),516,40.803231,-73.952147,359,156,156,602.0,3.86,290,290,44,0.284,4,0,,$540.00,10,17,38,20,0.952209647727185,0.5,0.32811234754853900
MANHATTAN,REHAB PROGRAM (WISE REHAB),517,40.790867,-73.96743,127,40,40,159.0,3.98,67,67,18,0.45,1,0,,$628.00,4,19,12,18,0.369441340181764,0.691462461274013,0.16182620672155500
MANHATTAN,WASHINGTON HEIGHTS REHAB PHASE III (FORT WASHINGTON),523,40.837139,-73.938211,309,88,88,391.0,4.44,174,174,31,0.36,7,0,"$15,823.00",$536.00,10,19,37,19,0.952209647727185,0.598706325682924,0.4161788918434440
BRONX,WEST FARMS SQUARE CONVENTIONAL,526,40.827508,-73.888252,530,20,20,85.0,4.25,50,50,2,0.1,1,0,"$18,339.00",$576.00,6,35,55,20,0.630558659818236,0.5,0.6277501847417650
BRONX,HARRISON AVENUE REHAB (GROUP B),547,40.853358,-73.910842,341,150,150,664.0,4.43,326,326,60,0.403,4,0,"$15,150.00",$517.00,8,51,59,19,0.841344746068543,0.598706325682924,0.7183256611521560
MANHATTAN,STANTON STREET,559,40.71974,-73.983575,359,13,13,66.5,5.12,35,35,2,0.154,1,0,"$68,595.00",$468.00,8,33,50,19,0.841344746068543,0.598706325682924,0.5988169168587730
MANHATTAN,DOUGLASS II,582,40.797128,-73.966117,82,752,753,"3,463.0",4.61,"1,589","1,589",307,0.41,6,0,"$4,277.00",$589.00,6,15,12,18,0.630558659818236,0.691462461274013,0.16490946534658200